{"source_file":"./6_nicolas_9.wav","sample_rate":8000,"bits":16,"samples_per_pixel":256,"time_duration":0.157375,"processed_time_duration":31.474999999999999,"samples_length":4,"samples":[{"min":-8960,"max":7424,"rms":3449.2156},{"min":-7168,"max":5120,"rms":2398.8264},{"min":-3584,"max":2560,"rms":1365.0729},{"min":-2048,"max":1024,"rms":696.68933}]}