{"source_file":"./6_nicolas_7.wav","sample_rate":8000,"bits":16,"samples_per_pixel":256,"time_duration":0.143625,"processed_time_duration":28.725,"samples_length":4,"samples":[{"min":-3840,"max":2304,"rms":1363.0084},{"min":-2304,"max":1280,"rms":634.17346},{"min":-1024,"max":512,"rms":412.6015},{"min":-9216,"max":8448,"rms":3066.4116}]}